subjectGroup,GMT_timestamp,local_timestamp,link
"9",2022-02-12_15:59:44,2022-02-12_15:59:44,https://www.testable.org/experiment/2286/777549/start?sona_id=XXX

rowNo,type,subjectGroup,random,ITI,presTime,ISI,stimFormat,trialText,trialTextOptions,button1,button2,responseWindow,stim1,stim2,stim3,stim4,stim5,stim6,stimPos,key,my.phase,color.type,config.id,orientation,test.type,item1,item2,legal,foil,words.set1,words.set2,phantoms.set1,phantoms.set2,stimPos_actual,ITI_ms,ITI_f,ITI_fDuration,presTime_ms,presTime_f,presTime_fDuration,ISI_ms,ISI_f,ISI_fDuration,timestamp,response,RT,correct
6082,test,nsg:9,"29","1000",2000*6,;;1000,.bmp,Which object combination is more like the ones you have seen before?,afterStim,1<sup>st</sup> scene,2<sup>nd</sup> scene,afterStim,new5,new14,new3,new14,new3,new21,0 -74;0 0;0 74;0 -74;0 0;0 74,"2",test.recognition,white.on.black,"4",vertical,phw.pw,new5:new14:new3,new14:new3:new21,new14:new3:new21,new5:new14:new3,new19:new6:new9;new23:new6:new21;new19:new10:new21;new17:new14:new9;new23:new14:new8;new17:new10:new8,new7:new24:new11;new16:new24:new1;new7:new3:new1;new4:new5:new11;new16:new5:new2;new4:new3:new2,new19:new6:new21;new17:new14:new8,new7:new24:new1;new4:new5:new2,0 -74;0 0;0 74;0 -74;0 0;0 74,1001,60,"16.68",2000;2000,120;120;119;120;120;120;120;119;120;120;120;120;120;120;120;120;120;120;120;120;120;120;120;120;120;120;120;120;120;120;120;120;120;120;120;119;120;120;120;120;120;120;120;120;120;120;120;120;120;120;120;120;120;120;120;120;120;120;120;120;120;120;120;120;120;120;120;120;120;120;120;120;120;120;120;120;120;120;120;120;120;120;120;120;120;120;120;120;120;120;120;120;120;120;120;120;120;120;120;120;120;120;120;120;120;120;120;120;120;120;120;120;120;120;120;120;120;120;120;120;120;120;120;120;120;120;120;120;120;120;120;120;120;120;120;120;120;120;120;120;120;120;120;120;120;120;120;120;120;120;120;120;120;120;120;120;120;120;120;120;120;120;120;120;120;120;120;120;120;120;120;120;120;120;120;120;120;120;120;120;120;120;120;120;120;120;120;120;120;120;120;120;120;120;120;120;120;120;120;120;120;120;120;120;120;120;120;120;120;120;119;120;120;120;120;120;120;120;120;120;120;120;120;120;120;120;120;120;120;120;120;120;120;120;120;120;120;120;120;120;120;120;120;120;120;120;120;120;120;120;120;120;120;120;120;120;120;120;120;120;120;120;120;120;120;120;120;120;120;120;120;120;120;120;120;120;120;120;120;120;120;120;120;120;120;120;120;120;120;120,"16.67","1000","60","16.67",955750,"2",2505,"1"
6080,test,nsg:9,"29","1000",2000*6,;;1000,.bmp,Which object combination is more like the ones you have seen before?,afterStim,1<sup>st</sup> scene,2<sup>nd</sup> scene,afterStim,new4,new5,new22,new7,new4,new5,0 74;0 0;0 -74;0 74;0 0;0 -74,"2",test.recognition,white.on.black,"1",vertical,phw.pw,new4:new5:new22,new7:new4:new5,new7:new4:new5,new4:new5:new22,new19:new6:new9;new23:new6:new21;new19:new10:new21;new17:new14:new9;new23:new14:new8;new17:new10:new8,new7:new24:new11;new16:new24:new1;new7:new3:new1;new4:new5:new11;new16:new5:new2;new4:new3:new2,new19:new6:new21;new17:new14:new8,new7:new24:new1;new4:new5:new2,0 74;0 0;0 -74;0 74;0 0;0 -74,1000,60,"16.67",2000;2000,120;120,"16.67","1000","60","16.67",962491,"1",748,"0"
6071,test,nsg:9,"29","1000",2000*6,;;1000,.bmp,Which object combination is more like the ones you have seen before?,afterStim,1<sup>st</sup> scene,2<sup>nd</sup> scene,afterStim,new7,new4,new5,new24,new4,new5,0 -74;0 0;0 74;0 -74;0 0;0 74,"2",test.recognition,white.on.black,"",vertical,w.phw,new7:new4:new5,new24:new4:new5,new24:new4:new5,new7:new4:new5,new19:new6:new9;new23:new6:new21;new19:new10:new21;new17:new14:new9;new23:new14:new8;new17:new10:new8,new7:new24:new11;new16:new24:new1;new7:new3:new1;new4:new5:new11;new16:new5:new2;new4:new3:new2,new19:new6:new21;new17:new14:new8,new7:new24:new1;new4:new5:new2,0 -74;0 0;0 74;0 -74;0 0;0 74,1000,60,"16.67",2000;2001,120;120,"16.68","1000","60","16.67",969683,"1",1207,"0"
6067,test,nsg:9,"29","1000",2000*6,;;1000,.bmp,Which object combination is more like the ones you have seen before?,afterStim,1<sup>st</sup> scene,2<sup>nd</sup> scene,afterStim,new14,new16,new21,new16,new21,new18,-74 0;0 0;74 0;-74 0;0 0;74 0,"1",test.recognition,white.on.black,"3",horizontal,w.pw,new14:new16:new21,new16:new21:new18,new14:new16:new21,new16:new21:new18,new19:new6:new9;new23:new6:new21;new19:new10:new21;new17:new14:new9;new23:new14:new8;new17:new10:new8,new7:new24:new11;new16:new24:new1;new7:new3:new1;new4:new5:new11;new16:new5:new2;new4:new3:new2,new19:new6:new21;new17:new14:new8,new7:new24:new1;new4:new5:new2,-74 0;0 0;74 0;-74 0;0 0;74 0,1000,60,"16.67",2000;2000,120;120,"16.67","1000","60","16.67",976651,"2",974,"0"
6078,test,nsg:9,"29","1000",2000*6,;;1000,.bmp,Which object combination is more like the ones you have seen before?,afterStim,1<sup>st</sup> scene,2<sup>nd</sup> scene,afterStim,new1,new13,new8,new22,new13,new8,-74 0;0 0;74 0;-74 0;0 0;74 0,"1",test.recognition,white.on.black,"",horizontal,w.phw,new1:new13:new8,new22:new13:new8,new1:new13:new8,new22:new13:new8,new19:new6:new9;new23:new6:new21;new19:new10:new21;new17:new14:new9;new23:new14:new8;new17:new10:new8,new7:new24:new11;new16:new24:new1;new7:new3:new1;new4:new5:new11;new16:new5:new2;new4:new3:new2,new19:new6:new21;new17:new14:new8,new7:new24:new1;new4:new5:new2,-74 0;0 0;74 0;-74 0;0 0;74 0,1000,60,"16.67",2000;2000,120;120,"16.67","1000","60","16.67",983672,"1",1018,"1"
6077,test,nsg:9,"29","1000",2000*6,;;1000,.bmp,Which object combination is more like the ones you have seen before?,afterStim,1<sup>st</sup> scene,2<sup>nd</sup> scene,afterStim,new14,new3,new21,new1,new3,new21,-74 0;0 0;74 0;-74 0;0 0;74 0,"2",test.recognition,white.on.black,"",horizontal,w.phw,new14:new3:new21,new1:new3:new21,new1:new3:new21,new14:new3:new21,new19:new6:new9;new23:new6:new21;new19:new10:new21;new17:new14:new9;new23:new14:new8;new17:new10:new8,new7:new24:new11;new16:new24:new1;new7:new3:new1;new4:new5:new11;new16:new5:new2;new4:new3:new2,new19:new6:new21;new17:new14:new8,new7:new24:new1;new4:new5:new2,-74 0;0 0;74 0;-74 0;0 0;74 0,1000,60,"16.67",2000;2000,120;120,"16.67","1000","60","16.67",990714,"1",1033,"0"
6070,test,nsg:9,"29","1000",2000*6,;;1000,.bmp,Which object combination is more like the ones you have seen before?,afterStim,1<sup>st</sup> scene,2<sup>nd</sup> scene,afterStim,new24,new10,new6,new18,new10,new6,-74 0;0 0;74 0;-74 0;0 0;74 0,"1",test.recognition,white.on.black,"",horizontal,w.phw,new24:new10:new6,new18:new10:new6,new24:new10:new6,new18:new10:new6,new19:new6:new9;new23:new6:new21;new19:new10:new21;new17:new14:new9;new23:new14:new8;new17:new10:new8,new7:new24:new11;new16:new24:new1;new7:new3:new1;new4:new5:new11;new16:new5:new2;new4:new3:new2,new19:new6:new21;new17:new14:new8,new7:new24:new1;new4:new5:new2,-74 0;0 0;74 0;-74 0;0 0;74 0,1000,60,"16.67",2000;2000,120;120,"16.67","1000","60","16.67",997843,"2",1127,"0"
6062,test,nsg:9,"29","1000",2000*6,;;1000,.bmp,Which object combination is more like the ones you have seen before?,afterStim,1<sup>st</sup> scene,2<sup>nd</sup> scene,afterStim,new1,new3,new21,new3,new21,new18,0 74;0 0;0 -74;0 74;0 0;0 -74,"1",test.recognition,white.on.black,"1",vertical,w.pw,new1:new3:new21,new3:new21:new18,new1:new3:new21,new3:new21:new18,new19:new6:new9;new23:new6:new21;new19:new10:new21;new17:new14:new9;new23:new14:new8;new17:new10:new8,new7:new24:new11;new16:new24:new1;new7:new3:new1;new4:new5:new11;new16:new5:new2;new4:new3:new2,new19:new6:new21;new17:new14:new8,new7:new24:new1;new4:new5:new2,0 74;0 0;0 -74;0 74;0 0;0 -74,1000,60,"16.67",2000;2000,120;120,"16.67","1000","60","16.67",1005139,"1",1290,"1"
6068,test,nsg:9,"29","1000",2000*6,;;1000,.bmp,Which object combination is more like the ones you have seen before?,afterStim,1<sup>st</sup> scene,2<sup>nd</sup> scene,afterStim,new18,new10,new2,new18,new10,new6,0 -74;0 0;0 74;0 -74;0 0;0 74,"1",test.recognition,white.on.black,"",vertical,w.phw,new18:new10:new2,new18:new10:new6,new18:new10:new2,new18:new10:new6,new19:new6:new9;new23:new6:new21;new19:new10:new21;new17:new14:new9;new23:new14:new8;new17:new10:new8,new7:new24:new11;new16:new24:new1;new7:new3:new1;new4:new5:new11;new16:new5:new2;new4:new3:new2,new19:new6:new21;new17:new14:new8,new7:new24:new1;new4:new5:new2,0 -74;0 0;0 74;0 -74;0 0;0 74,1000,60,"16.67",2000;2001,120;120,"16.67","1000","60","16.67",1012655,"2",1522,"0"
6091,test,nsg:9,"29","1000",2000*6,;;1000,.bmp,Which object combination is more like the ones you have seen before?,afterStim,1<sup>st</sup> scene,2<sup>nd</sup> scene,afterStim,new14,new3,new21,new3,new21,new18,-74 0;0 0;74 0;-74 0;0 0;74 0,"1",test.recognition,white.on.black,"3",horizontal,phw.pw,new14:new3:new21,new3:new21:new18,new14:new3:new21,new3:new21:new18,new19:new6:new9;new23:new6:new21;new19:new10:new21;new17:new14:new9;new23:new14:new8;new17:new10:new8,new7:new24:new11;new16:new24:new1;new7:new3:new1;new4:new5:new11;new16:new5:new2;new4:new3:new2,new19:new6:new21;new17:new14:new8,new7:new24:new1;new4:new5:new2,-74 0;0 0;74 0;-74 0;0 0;74 0,1000,60,"16.67",2000;2000,120;120,"16.67","1000","60","16.67",1019223,"1",569,"1"
6057,test,nsg:9,"29","1000",2000*6,;;1000,.bmp,Which object combination is more like the ones you have seen before?,afterStim,1<sup>st</sup> scene,2<sup>nd</sup> scene,afterStim,new6,new22,new16,new22,new16,new8,-74 0;0 0;74 0;-74 0;0 0;74 0,"2",test.recognition,white.on.black,"2",horizontal,w.pw,new6:new22:new16,new22:new16:new8,new22:new16:new8,new6:new22:new16,new19:new6:new9;new23:new6:new21;new19:new10:new21;new17:new14:new9;new23:new14:new8;new17:new10:new8,new7:new24:new11;new16:new24:new1;new7:new3:new1;new4:new5:new11;new16:new5:new2;new4:new3:new2,new19:new6:new21;new17:new14:new8,new7:new24:new1;new4:new5:new2,-74 0;0 0;74 0;-74 0;0 0;74 0,1000,60,"16.67",2000;2000,120;120,"16.67","1000","60","16.67",1026232,"2",1013,"1"
6072,test,nsg:9,"29","1000",2000*6,;;1000,.bmp,Which object combination is more like the ones you have seen before?,afterStim,1<sup>st</sup> scene,2<sup>nd</sup> scene,afterStim,new7,new4,new5,new7,new11,new5,-74 0;0 0;74 0;-74 0;0 0;74 0,"2",test.recognition,white.on.black,"",horizontal,w.phw,new7:new4:new5,new7:new11:new5,new7:new11:new5,new7:new4:new5,new19:new6:new9;new23:new6:new21;new19:new10:new21;new17:new14:new9;new23:new14:new8;new17:new10:new8,new7:new24:new11;new16:new24:new1;new7:new3:new1;new4:new5:new11;new16:new5:new2;new4:new3:new2,new19:new6:new21;new17:new14:new8,new7:new24:new1;new4:new5:new2,-74 0;0 0;74 0;-74 0;0 0;74 0,1000,60,"16.67",2000;2001,120;120,"16.67","1000","60","16.67",1033167,"1",929,"0"
6060,test,nsg:9,"29","1000",2000*6,;;1000,.bmp,Which object combination is more like the ones you have seen before?,afterStim,1<sup>st</sup> scene,2<sup>nd</sup> scene,afterStim,new7,new11,new5,new11,new5,new14,-74 0;0 0;74 0;-74 0;0 0;74 0,"1",test.recognition,white.on.black,"3",horizontal,w.pw,new7:new11:new5,new11:new5:new14,new7:new11:new5,new11:new5:new14,new19:new6:new9;new23:new6:new21;new19:new10:new21;new17:new14:new9;new23:new14:new8;new17:new10:new8,new7:new24:new11;new16:new24:new1;new7:new3:new1;new4:new5:new11;new16:new5:new2;new4:new3:new2,new19:new6:new21;new17:new14:new8,new7:new24:new1;new4:new5:new2,-74 0;0 0;74 0;-74 0;0 0;74 0,1000,60,"16.67",2000;2000,120;120,"16.67","1000","60","16.67",1040180,"1",1009,"1"
6073,test,nsg:9,"29","1000",2000*6,;;1000,.bmp,Which object combination is more like the ones you have seen before?,afterStim,1<sup>st</sup> scene,2<sup>nd</sup> scene,afterStim,new18,new11,new6,new18,new10,new6,-74 0;0 0;74 0;-74 0;0 0;74 0,"1",test.recognition,white.on.black,"",horizontal,w.phw,new18:new11:new6,new18:new10:new6,new18:new11:new6,new18:new10:new6,new19:new6:new9;new23:new6:new21;new19:new10:new21;new17:new14:new9;new23:new14:new8;new17:new10:new8,new7:new24:new11;new16:new24:new1;new7:new3:new1;new4:new5:new11;new16:new5:new2;new4:new3:new2,new19:new6:new21;new17:new14:new8,new7:new24:new1;new4:new5:new2,-74 0;0 0;74 0;-74 0;0 0;74 0,1001,60,"16.67",2000;2000,120;120,"16.67","1000","60","16.67",1047771,"2",1586,"0"
6065,test,nsg:9,"29","1000",2000*6,;;1000,.bmp,Which object combination is more like the ones you have seen before?,afterStim,1<sup>st</sup> scene,2<sup>nd</sup> scene,afterStim,new8,new7,new4,new7,new4,new2,-74 0;0 0;74 0;-74 0;0 0;74 0,"2",test.recognition,white.on.black,"2",horizontal,w.pw,new8:new7:new4,new7:new4:new2,new7:new4:new2,new8:new7:new4,new19:new6:new9;new23:new6:new21;new19:new10:new21;new17:new14:new9;new23:new14:new8;new17:new10:new8,new7:new24:new11;new16:new24:new1;new7:new3:new1;new4:new5:new11;new16:new5:new2;new4:new3:new2,new19:new6:new21;new17:new14:new8,new7:new24:new1;new4:new5:new2,-74 0;0 0;74 0;-74 0;0 0;74 0,1000,60,"16.67",2000;2001,120;120,"16.67","1000","60","16.67",1054342,"2",562,"1"
6086,test,nsg:9,"29","1000",2000*6,;;1000,.bmp,Which object combination is more like the ones you have seen before?,afterStim,1<sup>st</sup> scene,2<sup>nd</sup> scene,afterStim,new14,new3,new21,new3,new21,new18,0 74;0 0;0 -74;0 74;0 0;0 -74,"1",test.recognition,white.on.black,"1",vertical,phw.pw,new14:new3:new21,new3:new21:new18,new14:new3:new21,new3:new21:new18,new19:new6:new9;new23:new6:new21;new19:new10:new21;new17:new14:new9;new23:new14:new8;new17:new10:new8,new7:new24:new11;new16:new24:new1;new7:new3:new1;new4:new5:new11;new16:new5:new2;new4:new3:new2,new19:new6:new21;new17:new14:new8,new7:new24:new1;new4:new5:new2,0 74;0 0;0 -74;0 74;0 0;0 -74,1000,60,"16.67",2000;2000,120;120,"16.67","1000","60","16.67",1062048,"1",1702,"1"
6083,test,nsg:9,"29","1000",2000*6,;;1000,.bmp,Which object combination is more like the ones you have seen before?,afterStim,1<sup>st</sup> scene,2<sup>nd</sup> scene,afterStim,new18,new10,new6,new10,new6,new14,-74 0;0 0;74 0;-74 0;0 0;74 0,"1",test.recognition,white.on.black,"3",horizontal,phw.pw,new18:new10:new6,new10:new6:new14,new18:new10:new6,new10:new6:new14,new19:new6:new9;new23:new6:new21;new19:new10:new21;new17:new14:new9;new23:new14:new8;new17:new10:new8,new7:new24:new11;new16:new24:new1;new7:new3:new1;new4:new5:new11;new16:new5:new2;new4:new3:new2,new19:new6:new21;new17:new14:new8,new7:new24:new1;new4:new5:new2,-74 0;0 0;74 0;-74 0;0 0;74 0,1000,60,"16.67",2000;2000,120;120,"16.67","1000","60","16.67",1068711,"2",659,"0"
6059,test,nsg:9,"29","1000",2000*6,;;1000,.bmp,Which object combination is more like the ones you have seen before?,afterStim,1<sup>st</sup> scene,2<sup>nd</sup> scene,afterStim,new18,new11,new6,new11,new6,new1,-74 0;0 0;74 0;-74 0;0 0;74 0,"1",test.recognition,white.on.black,"3",horizontal,w.pw,new18:new11:new6,new11:new6:new1,new18:new11:new6,new11:new6:new1,new19:new6:new9;new23:new6:new21;new19:new10:new21;new17:new14:new9;new23:new14:new8;new17:new10:new8,new7:new24:new11;new16:new24:new1;new7:new3:new1;new4:new5:new11;new16:new5:new2;new4:new3:new2,new19:new6:new21;new17:new14:new8,new7:new24:new1;new4:new5:new2,-74 0;0 0;74 0;-74 0;0 0;74 0,1000,60,"16.67",2000;2000,120;120,"16.67","1000","60","16.67",1075626,"1",923,"1"
6074,test,nsg:9,"29","1000",2000*6,;;1000,.bmp,Which object combination is more like the ones you have seen before?,afterStim,1<sup>st</sup> scene,2<sup>nd</sup> scene,afterStim,new22,new13,new8,new22,new13,new23,0 -74;0 0;0 74;0 -74;0 0;0 74,"2",test.recognition,white.on.black,"",vertical,w.phw,new22:new13:new8,new22:new13:new23,new22:new13:new23,new22:new13:new8,new19:new6:new9;new23:new6:new21;new19:new10:new21;new17:new14:new9;new23:new14:new8;new17:new10:new8,new7:new24:new11;new16:new24:new1;new7:new3:new1;new4:new5:new11;new16:new5:new2;new4:new3:new2,new19:new6:new21;new17:new14:new8,new7:new24:new1;new4:new5:new2,0 -74;0 0;0 74;0 -74;0 0;0 74,1000,60,"16.67",2000;2000,120;120,"16.67","1000","60","16.67",1083094,"2",1474,"1"
6056,test,nsg:9,"29","1000",2000*6,;;1000,.bmp,Which object combination is more like the ones you have seen before?,afterStim,1<sup>st</sup> scene,2<sup>nd</sup> scene,afterStim,new4,new2,new22,new7,new4,new2,0 74;0 0;0 -74;0 74;0 0;0 -74,"2",test.recognition,white.on.black,"1",vertical,w.pw,new4:new2:new22,new7:new4:new2,new7:new4:new2,new4:new2:new22,new19:new6:new9;new23:new6:new21;new19:new10:new21;new17:new14:new9;new23:new14:new8;new17:new10:new8,new7:new24:new11;new16:new24:new1;new7:new3:new1;new4:new5:new11;new16:new5:new2;new4:new3:new2,new19:new6:new21;new17:new14:new8,new7:new24:new1;new4:new5:new2,0 74;0 0;0 -74;0 74;0 0;0 -74,1000,60,"16.67",2000;2000,120;120,"16.67","1000","60","16.67",1089556,"1",473,"0"
6088,test,nsg:9,"29","1000",2000*6,;;1000,.bmp,Which object combination is more like the ones you have seen before?,afterStim,1<sup>st</sup> scene,2<sup>nd</sup> scene,afterStim,new13,new8,new7,new22,new13,new8,0 74;0 0;0 -74;0 74;0 0;0 -74,"2",test.recognition,white.on.black,"1",vertical,phw.pw,new13:new8:new7,new22:new13:new8,new22:new13:new8,new13:new8:new7,new19:new6:new9;new23:new6:new21;new19:new10:new21;new17:new14:new9;new23:new14:new8;new17:new10:new8,new7:new24:new11;new16:new24:new1;new7:new3:new1;new4:new5:new11;new16:new5:new2;new4:new3:new2,new19:new6:new21;new17:new14:new8,new7:new24:new1;new4:new5:new2,0 74;0 0;0 -74;0 74;0 0;0 -74,1000,60,"16.67",2000;2000,120;120,"16.67","1000","60","16.67",1096461,"2",901,"1"
6064,test,nsg:9,"29","1000",2000*6,;;1000,.bmp,Which object combination is more like the ones you have seen before?,afterStim,1<sup>st</sup> scene,2<sup>nd</sup> scene,afterStim,new13,new23,new24,new22,new13,new23,0 74;0 0;0 -74;0 74;0 0;0 -74,"2",test.recognition,white.on.black,"1",vertical,w.pw,new13:new23:new24,new22:new13:new23,new22:new13:new23,new13:new23:new24,new19:new6:new9;new23:new6:new21;new19:new10:new21;new17:new14:new9;new23:new14:new8;new17:new10:new8,new7:new24:new11;new16:new24:new1;new7:new3:new1;new4:new5:new11;new16:new5:new2;new4:new3:new2,new19:new6:new21;new17:new14:new8,new7:new24:new1;new4:new5:new2,0 74;0 0;0 -74;0 74;0 0;0 -74,1000,60,"16.67",2000;2000,120;120,"16.67","1000","60","16.67",1103497,"1",1040,"0"
6063,test,nsg:9,"29","1000",2000*6,;;1000,.bmp,Which object combination is more like the ones you have seen before?,afterStim,1<sup>st</sup> scene,2<sup>nd</sup> scene,afterStim,new24,new10,new6,new23,new24,new10,-74 0;0 0;74 0;-74 0;0 0;74 0,"1",test.recognition,white.on.black,"2",horizontal,w.pw,new24:new10:new6,new23:new24:new10,new24:new10:new6,new23:new24:new10,new19:new6:new9;new23:new6:new21;new19:new10:new21;new17:new14:new9;new23:new14:new8;new17:new10:new8,new7:new24:new11;new16:new24:new1;new7:new3:new1;new4:new5:new11;new16:new5:new2;new4:new3:new2,new19:new6:new21;new17:new14:new8,new7:new24:new1;new4:new5:new2,-74 0;0 0;74 0;-74 0;0 0;74 0,1000,60,"16.67",2000;2000,120;120,"16.67","1001","60","16.68",1110611,"1",1120,"1"
6069,test,nsg:9,"29","1000",2000*6,;;1000,.bmp,Which object combination is more like the ones you have seen before?,afterStim,1<sup>st</sup> scene,2<sup>nd</sup> scene,afterStim,new7,new4,new5,new7,new4,new2,0 -74;0 0;0 74;0 -74;0 0;0 74,"2",test.recognition,white.on.black,"",vertical,w.phw,new7:new4:new5,new7:new4:new2,new7:new4:new2,new7:new4:new5,new19:new6:new9;new23:new6:new21;new19:new10:new21;new17:new14:new9;new23:new14:new8;new17:new10:new8,new7:new24:new11;new16:new24:new1;new7:new3:new1;new4:new5:new11;new16:new5:new2;new4:new3:new2,new19:new6:new21;new17:new14:new8,new7:new24:new1;new4:new5:new2,0 -74;0 0;0 74;0 -74;0 0;0 74,1000,60,"16.67",2000;2000,120;120,"16.67","1000","60","16.67",1119945,"2",3340,"1"
6087,test,nsg:9,"29","1000",2000*6,;;1000,.bmp,Which object combination is more like the ones you have seen before?,afterStim,1<sup>st</sup> scene,2<sup>nd</sup> scene,afterStim,new18,new10,new6,new21,new18,new10,-74 0;0 0;74 0;-74 0;0 0;74 0,"1",test.recognition,white.on.black,"2",horizontal,phw.pw,new18:new10:new6,new21:new18:new10,new18:new10:new6,new21:new18:new10,new19:new6:new9;new23:new6:new21;new19:new10:new21;new17:new14:new9;new23:new14:new8;new17:new10:new8,new7:new24:new11;new16:new24:new1;new7:new3:new1;new4:new5:new11;new16:new5:new2;new4:new3:new2,new19:new6:new21;new17:new14:new8,new7:new24:new1;new4:new5:new2,-74 0;0 0;74 0;-74 0;0 0;74 0,1000,60,"16.67",2000;2000,120;120,"16.67","1000","60","16.67",1126992,"1",1051,"1"
6081,test,nsg:9,"29","1000",2000*6,;;1000,.bmp,Which object combination is more like the ones you have seen before?,afterStim,1<sup>st</sup> scene,2<sup>nd</sup> scene,afterStim,new6,new22,new13,new22,new13,new8,-74 0;0 0;74 0;-74 0;0 0;74 0,"2",test.recognition,white.on.black,"2",horizontal,phw.pw,new6:new22:new13,new22:new13:new8,new22:new13:new8,new6:new22:new13,new19:new6:new9;new23:new6:new21;new19:new10:new21;new17:new14:new9;new23:new14:new8;new17:new10:new8,new7:new24:new11;new16:new24:new1;new7:new3:new1;new4:new5:new11;new16:new5:new2;new4:new3:new2,new19:new6:new21;new17:new14:new8,new7:new24:new1;new4:new5:new2,-74 0;0 0;74 0;-74 0;0 0;74 0,1000,60,"16.67",2000;2000,120;120,"16.67","1000","60","16.67",1133627,"2",639,"1"
6058,test,nsg:9,"29","1000",2000*6,;;1000,.bmp,Which object combination is more like the ones you have seen before?,afterStim,1<sup>st</sup> scene,2<sup>nd</sup> scene,afterStim,new5,new14,new3,new14,new3,new23,0 -74;0 0;0 74;0 -74;0 0;0 74,"2",test.recognition,white.on.black,"4",vertical,w.pw,new5:new14:new3,new14:new3:new23,new14:new3:new23,new5:new14:new3,new19:new6:new9;new23:new6:new21;new19:new10:new21;new17:new14:new9;new23:new14:new8;new17:new10:new8,new7:new24:new11;new16:new24:new1;new7:new3:new1;new4:new5:new11;new16:new5:new2;new4:new3:new2,new19:new6:new21;new17:new14:new8,new7:new24:new1;new4:new5:new2,0 -74;0 0;0 74;0 -74;0 0;0 74,1000,60,"16.67",2000;2000,120;120,"16.67","1000","60","16.68",1140772,"1",1145,"0"
6075,test,nsg:9,"29","1000",2000*6,;;1000,.bmp,Which object combination is more like the ones you have seen before?,afterStim,1<sup>st</sup> scene,2<sup>nd</sup> scene,afterStim,new22,new13,new8,new22,new16,new8,-74 0;0 0;74 0;-74 0;0 0;74 0,"2",test.recognition,white.on.black,"",horizontal,w.phw,new22:new13:new8,new22:new16:new8,new22:new16:new8,new22:new13:new8,new19:new6:new9;new23:new6:new21;new19:new10:new21;new17:new14:new9;new23:new14:new8;new17:new10:new8,new7:new24:new11;new16:new24:new1;new7:new3:new1;new4:new5:new11;new16:new5:new2;new4:new3:new2,new19:new6:new21;new17:new14:new8,new7:new24:new1;new4:new5:new2,-74 0;0 0;74 0;-74 0;0 0;74 0,1000,60,"16.67",2000;2000,120;120,"16.67","1000","60","16.67",1149131,"1",2357,"0"
6089,test,nsg:9,"29","1000",2000*6,;;1000,.bmp,Which object combination is more like the ones you have seen before?,afterStim,1<sup>st</sup> scene,2<sup>nd</sup> scene,afterStim,new8,new7,new4,new7,new4,new5,-74 0;0 0;74 0;-74 0;0 0;74 0,"2",test.recognition,white.on.black,"2",horizontal,phw.pw,new8:new7:new4,new7:new4:new5,new7:new4:new5,new8:new7:new4,new19:new6:new9;new23:new6:new21;new19:new10:new21;new17:new14:new9;new23:new14:new8;new17:new10:new8,new7:new24:new11;new16:new24:new1;new7:new3:new1;new4:new5:new11;new16:new5:new2;new4:new3:new2,new19:new6:new21;new17:new14:new8,new7:new24:new1;new4:new5:new2,-74 0;0 0;74 0;-74 0;0 0;74 0,1000,60,"16.67",2000;2000,120;119,"16.74","1000","60","16.67",1155669,"2",542,"1"
6085,test,nsg:9,"29","1000",2000*6,;;1000,.bmp,Which object combination is more like the ones you have seen before?,afterStim,1<sup>st</sup> scene,2<sup>nd</sup> scene,afterStim,new22,new13,new8,new6,new22,new13,0 -74;0 0;0 74;0 -74;0 0;0 74,"1",test.recognition,white.on.black,"4",vertical,phw.pw,new22:new13:new8,new6:new22:new13,new22:new13:new8,new6:new22:new13,new19:new6:new9;new23:new6:new21;new19:new10:new21;new17:new14:new9;new23:new14:new8;new17:new10:new8,new7:new24:new11;new16:new24:new1;new7:new3:new1;new4:new5:new11;new16:new5:new2;new4:new3:new2,new19:new6:new21;new17:new14:new8,new7:new24:new1;new4:new5:new2,0 -74;0 0;0 74;0 -74;0 0;0 74,1000,60,"16.67",2000;2001,120;120,"16.67","1000","60","16.67",1163352,"1",1680,"1"
6061,test,nsg:9,"29","1000",2000*6,;;1000,.bmp,Which object combination is more like the ones you have seen before?,afterStim,1<sup>st</sup> scene,2<sup>nd</sup> scene,afterStim,new1,new13,new8,new2,new1,new13,0 -74;0 0;0 74;0 -74;0 0;0 74,"1",test.recognition,white.on.black,"4",vertical,w.pw,new1:new13:new8,new2:new1:new13,new1:new13:new8,new2:new1:new13,new19:new6:new9;new23:new6:new21;new19:new10:new21;new17:new14:new9;new23:new14:new8;new17:new10:new8,new7:new24:new11;new16:new24:new1;new7:new3:new1;new4:new5:new11;new16:new5:new2;new4:new3:new2,new19:new6:new21;new17:new14:new8,new7:new24:new1;new4:new5:new2,0 -74;0 0;0 74;0 -74;0 0;0 74,1000,60,"16.67",2000;2000,120;120,"16.67","1000","60","16.67",1170522,"2",1182,"0"
6079,test,nsg:9,"29","1000",2000*6,;;1000,.bmp,Which object combination is more like the ones you have seen before?,afterStim,1<sup>st</sup> scene,2<sup>nd</sup> scene,afterStim,new14,new3,new23,new14,new3,new21,0 -74;0 0;0 74;0 -74;0 0;0 74,"1",test.recognition,white.on.black,"",vertical,w.phw,new14:new3:new23,new14:new3:new21,new14:new3:new23,new14:new3:new21,new19:new6:new9;new23:new6:new21;new19:new10:new21;new17:new14:new9;new23:new14:new8;new17:new10:new8,new7:new24:new11;new16:new24:new1;new7:new3:new1;new4:new5:new11;new16:new5:new2;new4:new3:new2,new19:new6:new21;new17:new14:new8,new7:new24:new1;new4:new5:new2,0 -74;0 0;0 74;0 -74;0 0;0 74,1000,60,"16.67",2000;2000,120;120,"16.67","1000","60","16.67",1187451,"2",10923,"0"
6066,test,nsg:9,"29","1000",2000*6,;;1000,.bmp,Which object combination is more like the ones you have seen before?,afterStim,1<sup>st</sup> scene,2<sup>nd</sup> scene,afterStim,new8,new7,new11,new7,new11,new5,0 -74;0 0;0 74;0 -74;0 0;0 74,"2",test.recognition,white.on.black,"4",vertical,w.pw,new8:new7:new11,new7:new11:new5,new7:new11:new5,new8:new7:new11,new19:new6:new9;new23:new6:new21;new19:new10:new21;new17:new14:new9;new23:new14:new8;new17:new10:new8,new7:new24:new11;new16:new24:new1;new7:new3:new1;new4:new5:new11;new16:new5:new2;new4:new3:new2,new19:new6:new21;new17:new14:new8,new7:new24:new1;new4:new5:new2,0 -74;0 0;0 74;0 -74;0 0;0 74,1000,60,"16.67",2000;2000,120;120,"16.67","1000","60","16.67",1194429,"1",983,"0"
6090,test,nsg:9,"29","1000",2000*6,;;1000,.bmp,Which object combination is more like the ones you have seen before?,afterStim,1<sup>st</sup> scene,2<sup>nd</sup> scene,afterStim,new8,new7,new4,new7,new4,new5,0 -74;0 0;0 74;0 -74;0 0;0 74,"2",test.recognition,white.on.black,"4",vertical,phw.pw,new8:new7:new4,new7:new4:new5,new7:new4:new5,new8:new7:new4,new19:new6:new9;new23:new6:new21;new19:new10:new21;new17:new14:new9;new23:new14:new8;new17:new10:new8,new7:new24:new11;new16:new24:new1;new7:new3:new1;new4:new5:new11;new16:new5:new2;new4:new3:new2,new19:new6:new21;new17:new14:new8,new7:new24:new1;new4:new5:new2,0 -74;0 0;0 74;0 -74;0 0;0 74,1000,60,"16.67",2000;2001,120;120,"16.67","1000","60","16.67",1201673,"1",1245,"0"
6076,test,nsg:9,"29","1000",2000*6,;;1000,.bmp,Which object combination is more like the ones you have seen before?,afterStim,1<sup>st</sup> scene,2<sup>nd</sup> scene,afterStim,new14,new16,new21,new14,new3,new21,0 -74;0 0;0 74;0 -74;0 0;0 74,"1",test.recognition,white.on.black,"",vertical,w.phw,new14:new16:new21,new14:new3:new21,new14:new16:new21,new14:new3:new21,new19:new6:new9;new23:new6:new21;new19:new10:new21;new17:new14:new9;new23:new14:new8;new17:new10:new8,new7:new24:new11;new16:new24:new1;new7:new3:new1;new4:new5:new11;new16:new5:new2;new4:new3:new2,new19:new6:new21;new17:new14:new8,new7:new24:new1;new4:new5:new2,0 -74;0 0;0 74;0 -74;0 0;0 74,1000,60,"16.67",2000;2000,120;120,"16.67","1000","60","16.67",1211183,"2",3504,"0"
6084,test,nsg:9,"29","1000",2000*6,;;1000,.bmp,Which object combination is more like the ones you have seen before?,afterStim,1<sup>st</sup> scene,2<sup>nd</sup> scene,afterStim,new7,new4,new5,new4,new5,new14,-74 0;0 0;74 0;-74 0;0 0;74 0,"1",test.recognition,white.on.black,"3",horizontal,phw.pw,new7:new4:new5,new4:new5:new14,new7:new4:new5,new4:new5:new14,new19:new6:new9;new23:new6:new21;new19:new10:new21;new17:new14:new9;new23:new14:new8;new17:new10:new8,new7:new24:new11;new16:new24:new1;new7:new3:new1;new4:new5:new11;new16:new5:new2;new4:new3:new2,new19:new6:new21;new17:new14:new8,new7:new24:new1;new4:new5:new2,-74 0;0 0;74 0;-74 0;0 0;74 0,1000,60,"16.67",2000;2000,120;120,"16.67","1000","60","16.67",1223837,"2",6655,"0"
